Contractual Cost Annual in Euros;C1;C2;C3
C1;1;0.25;0.111111111111111
C2;4;1;0.166666666666667
C3;9;6;1
