Working Group Convivence ;C1;C2;C3
C1;1;0.25;0.111111111111111
C2;4;1;0.333333333333333
C3;9;3;1
