Language Notions in: Python, R, Java) ;C1;C2;C3
C1;1;3;9
C2;0.333333333333333;1;4
C3;0.111111111111111;0.25;1
